<?xml version="1.0" encoding="utf-8"?>
<VugenScriptMetadata>
  <ScriptName>insight_public_mobile</ScriptName>
  <Protocol>Web - HTTP/HTML</Protocol>
  <ActionFiles>
    <FileEntry Name="vuser_init.c" Filter="2" />
    <FileEntry Name="Action.c" Filter="2" />
    <FileEntry Name="vuser_end.c" Filter="2" />
  </ActionFiles>
  <GeneralFiles>
    <FileEntry Name="insight_public_mobile.usr" Filter="4" />
    <FileEntry Name="default.cfg" Filter="4" />
    <FileEntry Name="default.usp" Filter="4" />
    <FileEntry Name="insight_public_mobile.prm" Filter="2" />
    <FileEntry Name="globals.h" Filter="2" />
    <FileEntry Name="p_bmsc.dat" Filter="2" />
    <FileEntry Name="p_device_nickname.dat" Filter="2" />
    <FileEntry Name="p_accesskey.dat" Filter="2" />
    <FileEntry Name="p_email.dat" Filter="2" />
    <FileEntry Name="domain.dat" Filter="2" />
    <FileEntry Name="p_initial.dat" Filter="2" />
    <FileEntry Name="combined_insight_public_mobile.c" Filter="2" />
    <FileEntry Name="pre_cci.c" Filter="2" />
    <FileEntry Name="Bookmarks.xml" Filter="1" />
    <FileEntry Name="Breakpoints.xml" Filter="1" />
    <FileEntry Name="CompilerLogMetadata.xml" Filter="1" />
    <FileEntry Name="data.zip" Filter="1" />
    <FileEntry Name="insight_public_mobile.c.pickle" Filter="1" />
    <FileEntry Name="insight_public_mobile.ci" Filter="1" />
    <FileEntry Name="insight_public_mobile.prm.bak" Filter="1" />
    <FileEntry Name="insight_public_mobile.sdf" Filter="1" />
    <FileEntry Name="logfile.log" Filter="1" />
    <FileEntry Name="mdrv.log" Filter="1" />
    <FileEntry Name="mdrv_cmd.txt" Filter="1" />
    <FileEntry Name="options.txt" Filter="1" />
    <FileEntry Name="output.bak" Filter="1" />
    <FileEntry Name="output.txt" Filter="1" />
    <FileEntry Name="p_iv.dat" Filter="1" />
    <FileEntry Name="ReplaySummaryReport.xml" Filter="1" />
    <FileEntry Name="ScriptUploadMetadata.xml" Filter="1" />
    <FileEntry Name="ThumbnailsCache.tmp" Filter="1" />
    <FileEntry Name="TransactionsData.db" Filter="1" />
    <FileEntry Name="UserTasks.xml" Filter="1" />
    <FileEntry Name="data\" Filter="1" />
  </GeneralFiles>
</VugenScriptMetadata>